name,section,title,description
Wan Du,F3 Team,Professor," Professor of geography at XYZ University, where she teaches courses on GIS and spatial analysis. Her research focuses on developing new methods for analyzing geographic data, with a particular interest in using GIS to understand social and environmental inequalities."
Jian Qiao Sun,F3 Team,Professor,"Professor of GIS at ABC University, Dr. John Doe's research aims to understand the relationship between geographic information and human behavior. His work has been instrumental in helping policymakers design effective strategies for urban planning and public health."
Dilruba Yeasmin,F3 Team,Research Scientist,"research scientist with expertise in GIS, remote sensing, and spatial analysis. He specializes in using advanced techniques to analyze and visualize geospatial data to better understand patterns and trends in environmental, social, and economic systems."
Deify Law,Agrofood Technology Faculty,Associate Professor,"associate professor of GIS at ABC University, Dr. John Doe's research aims to understand the relationship between geographic information and human behavior. His work has been instrumental in helping policymakers design effective strategies for urban planning and public health."
Luca Brillante,Agrofood Technology Faculty,Assistant Professor,"assistant professor of environmental studies at DEF College, where she teaches courses on GIS, sustainability, and environmental policy. Her research focuses on using GIS to map and analyze environmental risks and vulnerabilities, with a particular interest in understanding the social and political dimensions of environmental decision-making."
Qin Fan,Graduate Students,Associate Professor,"associate professor of GIS at ABC University, Dr. John Doe's research aims to understand the relationship between geographic information and human behavior. His work has been instrumental in helping policymakers design effective strategies for urban planning and public health."
Rebecca Ryals,Graduate Students,Assistant Professor,"assistant professor of environmental studies at DEF College, where she teaches courses on GIS, sustainability, and environmental policy. Her research focuses on using GIS to map and analyze environmental risks and vulnerabilities, with a particular interest in understanding the social and political dimensions of environmental decision-making."
Ricardo de Castro,Graduate Students,Assistant Professor,"assistant professor of environmental studies at DEF College, where she teaches courses on GIS, sustainability, and environmental policy. Her research focuses on using GIS to map and analyze environmental risks and vulnerabilities, with a particular interest in understanding the social and political dimensions of environmental decision-making."
Sankha Banerjee,Graduate Students,Associate Professor,"associate professor of GIS at ABC University, Dr. John Doe's research aims to understand the relationship between geographic information and human behavior. His work has been instrumental in helping policymakers design effective strategies for urban planning and public health."
Soumyasanta Laha,,Assistant Professor,assistant professor in the Department of Geosciences at ABC University. He specializes in using GIS and remote sensing to study land use and land cover change in urban areas. His research aims to better understand the impacts of urbaniza
Woonki Na,,Associate Professor,"associate professor of GIS at ABC University, Dr. John Doe's research aims to understand the relationship between geographic information and human behavior. His work has been instrumental in helping policymakers design effective strategies for urban planning and public health."